,Image Pair,last,third-last,fifth-last
0,tibia <-> femur,0.8258270025253296,0.8821070790290833,0.8698700070381165
1,tibia <-> background,0.7874674797058105,0.7268345952033997,0.8194312453269958
2,femur <-> background,0.7797471284866333,0.7592410445213318,0.7451876997947693
